{
	"17": {
		"tm": {
			"dairy": {
				"checkout": 0.10384615384615385,
				"dairy": 0.73,
				"drinks": 0.07076923076923076,
				"entrance": 0.0,
				"fruit": 0.054615384615384614,
				"spices": 0.040769230769230766
			},
			"drinks": {
				"checkout": 0.22641509433962265,
				"dairy": 0.013062409288824383,
				"drinks": 0.5703918722786647,
				"entrance": 0.0,
				"fruit": 0.09288824383164006,
				"spices": 0.09724238026124818
			},
			"entrance": {
				"checkout": 0.0,
				"dairy": 0.14311270125223613,
				"drinks": 0.06529516994633273,
				"entrance": 0.49552772808586765,
				"fruit": 0.20304114490161002,
				"spices": 0.09302325581395349
			},
			"fruit": {
				"checkout": 0.18490566037735848,
				"dairy": 0.1,
				"drinks": 0.05377358490566038,
				"entrance": 0.0,
				"fruit": 0.6188679245283019,
				"spices": 0.04245283018867924
			},
			"spices": {
				"checkout": 0.1597222222222222,
				"dairy": 0.19675925925925927,
				"drinks": 0.16666666666666666,
				"entrance": 0.0,
				"fruit": 0.1111111111111111,
				"spices": 0.36574074074074076
			}
		},
		"lambda_minute": 1.8466666666666667
	},
	"16": {
		"tm": {
			"dairy": {
				"checkout": 0.11445279866332497,
				"dairy": 0.7243107769423559,
				"drinks": 0.061821219715956555,
				"entrance": 0.0,
				"fruit": 0.050960735171261484,
				"spices": 0.04845446950710108
			},
			"drinks": {
				"checkout": 0.20790629575402636,
				"dairy": 0.01171303074670571,
				"drinks": 0.6061493411420205,
				"entrance": 0.0,
				"fruit": 0.08199121522693997,
				"spices": 0.09224011713030747
			},
			"entrance": {
				"checkout": 0.0,
				"dairy": 0.1509785647716682,
				"drinks": 0.06616961789375582,
				"entrance": 0.5023299161230196,
				"fruit": 0.18546132339235788,
				"spices": 0.09506057781919851
			},
			"fruit": {
				"checkout": 0.20555555555555555,
				"dairy": 0.09333333333333334,
				"drinks": 0.04666666666666667,
				"entrance": 0.0,
				"fruit": 0.6111111111111112,
				"spices": 0.043333333333333335
			},
			"spices": {
				"checkout": 0.12385321100917432,
				"dairy": 0.19036697247706422,
				"drinks": 0.19495412844036697,
				"entrance": 0.0,
				"fruit": 0.08486238532110092,
				"spices": 0.4059633027522936
			}
		},
		"lambda_minute": 1.7966666666666666
	},
	"18": {
		"tm": {
			"dairy": {
				"checkout": 0.09190231362467867,
				"dairy": 0.7287917737789203,
				"drinks": 0.06683804627249357,
				"entrance": 0.0,
				"fruit": 0.05398457583547558,
				"spices": 0.05848329048843188
			},
			"drinks": {
				"checkout": 0.2040586245772266,
				"dairy": 0.011273957158962795,
				"drinks": 0.6042841037204059,
				"entrance": 0.0,
				"fruit": 0.09582863585118377,
				"spices": 0.08455467869222097
			},
			"entrance": {
				"checkout": 0.0,
				"dairy": 0.14681014604150652,
				"drinks": 0.07378939277478862,
				"entrance": 0.5019215987701768,
				"fruit": 0.18524212144504226,
				"spices": 0.09223674096848578
			},
			"fruit": {
				"checkout": 0.20708955223880596,
				"dairy": 0.1044776119402985,
				"drinks": 0.05317164179104478,
				"entrance": 0.0,
				"fruit": 0.5792910447761194,
				"spices": 0.055970149253731345
			},
			"spices": {
				"checkout": 0.1492007104795737,
				"dairy": 0.1989342806394316,
				"drinks": 0.1847246891651865,
				"entrance": 0.0,
				"fruit": 0.0763765541740675,
				"spices": 0.3907637655417407
			}
		},
		"lambda_minute": 2.1766666666666667
	},
	"8": {
		"tm": {
			"dairy": {
				"checkout": 0.10881135422826729,
				"dairy": 0.7362507392075694,
				"drinks": 0.056179775280898875,
				"entrance": 0.0,
				"fruit": 0.04671791839148433,
				"spices": 0.05204021289178001
			},
			"drinks": {
				"checkout": 0.2234567901234568,
				"dairy": 0.011111111111111112,
				"drinks": 0.5753086419753086,
				"entrance": 0.0,
				"fruit": 0.09753086419753086,
				"spices": 0.09259259259259259
			},
			"entrance": {
				"checkout": 0.0,
				"dairy": 0.1492220650636492,
				"drinks": 0.07708628005657708,
				"entrance": 0.5,
				"fruit": 0.18953323903818953,
				"spices": 0.08415841584158416
			},
			"fruit": {
				"checkout": 0.1944209636517329,
				"dairy": 0.09298393913778528,
				"drinks": 0.04818258664412511,
				"entrance": 0.0,
				"fruit": 0.6136939983093829,
				"spices": 0.0507185122569738
			},
			"spices": {
				"checkout": 0.13874788494077833,
				"dairy": 0.21150592216582065,
				"drinks": 0.14720812182741116,
				"entrance": 0.0,
				"fruit": 0.07106598984771574,
				"spices": 0.43147208121827413
			}
		},
		"lambda_minute": 2.356666666666667
	},
	"7": {
		"tm": {
			"dairy": {
				"checkout": 0.12297734627831715,
				"dairy": 0.7195253505933118,
				"drinks": 0.06364617044228695,
				"entrance": 0.0,
				"fruit": 0.038834951456310676,
				"spices": 0.05501618122977346
			},
			"drinks": {
				"checkout": 0.1908713692946058,
				"dairy": 0.016597510373443983,
				"drinks": 0.6265560165975104,
				"entrance": 0.0,
				"fruit": 0.08575380359612725,
				"spices": 0.08022130013831259
			},
			"entrance": {
				"checkout": 0.0,
				"dairy": 0.13326551373346898,
				"drinks": 0.10376398779247202,
				"entrance": 0.49949135300101727,
				"fruit": 0.16683621566632756,
				"spices": 0.09664292980671414
			},
			"fruit": {
				"checkout": 0.20165745856353592,
				"dairy": 0.08701657458563536,
				"drinks": 0.062154696132596686,
				"entrance": 0.0,
				"fruit": 0.6022099447513812,
				"spices": 0.04696132596685083
			},
			"spices": {
				"checkout": 0.14814814814814814,
				"dairy": 0.18253968253968253,
				"drinks": 0.19047619047619047,
				"entrance": 0.0,
				"fruit": 0.09788359788359788,
				"spices": 0.38095238095238093
			}
		},
		"lambda_minute": 1.6366666666666667
	},
	"19": {
		"tm": {
			"dairy": {
				"checkout": 0.089586969168121,
				"dairy": 0.7260034904013961,
				"drinks": 0.07446189645142524,
				"entrance": 0.0,
				"fruit": 0.05293775450843514,
				"spices": 0.05700988947062245
			},
			"drinks": {
				"checkout": 0.2271880819366853,
				"dairy": 0.015828677839851025,
				"drinks": 0.5865921787709497,
				"entrance": 0.0,
				"fruit": 0.08100558659217877,
				"spices": 0.0893854748603352
			},
			"entrance": {
				"checkout": 0.0,
				"dairy": 0.145063801208865,
				"drinks": 0.09603760913364674,
				"entrance": 0.49697783747481533,
				"fruit": 0.17730020147750167,
				"spices": 0.08462055070517126
			},
			"fruit": {
				"checkout": 0.20242914979757085,
				"dairy": 0.09068825910931175,
				"drinks": 0.06153846153846154,
				"entrance": 0.0,
				"fruit": 0.5894736842105263,
				"spices": 0.055870445344129556
			},
			"spices": {
				"checkout": 0.16957210776545167,
				"dairy": 0.19175911251980982,
				"drinks": 0.14896988906497624,
				"entrance": 0.0,
				"fruit": 0.10301109350237718,
				"spices": 0.3866877971473851
			}
		},
		"lambda_minute": 2.466666666666667
	},
	"20": {
		"tm": {
			"dairy": {
				"checkout": 0.11596958174904944,
				"dairy": 0.7119771863117871,
				"drinks": 0.07699619771863118,
				"entrance": 0.0,
				"fruit": 0.043726235741444866,
				"spices": 0.051330798479087454
			},
			"drinks": {
				"checkout": 0.20170109356014582,
				"dairy": 0.02551640340218712,
				"drinks": 0.6281895504252734,
				"entrance": 0.0,
				"fruit": 0.07897934386391252,
				"spices": 0.06561360874848117
			},
			"entrance": {
				"checkout": 0.0,
				"dairy": 0.12330198537095088,
				"drinks": 0.11389759665621735,
				"entrance": 0.5005224660397074,
				"fruit": 0.16614420062695925,
				"spices": 0.0961337513061651
			},
			"fruit": {
				"checkout": 0.18791946308724833,
				"dairy": 0.11140939597315436,
				"drinks": 0.06845637583892618,
				"entrance": 0.0,
				"fruit": 0.5704697986577181,
				"spices": 0.06174496644295302
			},
			"spices": {
				"checkout": 0.14988290398126464,
				"dairy": 0.17798594847775176,
				"drinks": 0.15456674473067916,
				"entrance": 0.0,
				"fruit": 0.09836065573770492,
				"spices": 0.41920374707259955
			}
		},
		"lambda_minute": 1.5966666666666667
	},